Mes_AÃ±o,Usuario,Metros cuadrados reales por rollo,tiempo_en_rollo,tiempo_en_horas,metros_por_hora
2021-01,acorpus,20407.958,0 days 05:06:17,5.104722222222223,3997.858671165043
2021-01,elopezt,2311.4,0 days 00:53:36,0.8933333333333333,2587.3880597014927
2021-01,eperezv,1637563.365036,17 days 10:52:14,418.87055555555554,3909.4735672314573
2021-01,grangel,1765306.384981,17 days 21:34:19,429.57194444444445,4109.4545577552335
2021-01,iperalta,4669.104,0 days 01:11:16,1.1877777777777778,3930.957530402245
2021-01,jdelira,42952.448000000004,0 days 22:30:49,22.51361111111111,1907.8435613024221
2021-01,jmatahe,1543920.481657,15 days 00:29:42,360.495,4282.779183225843
2021-01,jmlarar,41762.483,0 days 10:50:06,10.835,3854.4054453161048
2021-01,jtorrem,1726474.45342,16 days 02:08:44,386.1455555555556,4471.0457716808
2021-01,jtorresb,1654554.36383,15 days 16:41:39,376.69416666666666,4392.30152797694
2021-01,jtoscano,1561370.336257,13 days 21:29:34,333.4927777777778,4681.8715135636785
2021-01,rholten,4973.978,0 days 01:04:26,1.073888888888889,4631.743610967408
2021-01,tflores,7005.625,0 days 01:45:30,1.7583333333333333,3984.2417061611377
2021-02,acorpus,33868.798,0 days 07:31:55,7.531944444444444,4496.6871768393885
2021-02,eperezv,1435811.3930880001,13 days 14:10:46,326.17944444444447,4401.906427713443
2021-02,grangel,1170978.66246,16 days 19:39:47,403.66305555555556,2900.8814315404693
2021-02,iperalta,2449.326,0 days 00:19:18,0.32166666666666666,7614.484974093265
2021-02,jdelira,83271.431,0 days 17:50:53,17.848055555555554,4665.574394969884
2021-02,jmatahe,1390477.138,12 days 21:00:45,309.0125,4499.743984466648
2021-02,jmlarar,29910.488,0 days 06:46:57,6.7825,4409.9503133063035
2021-02,jtorrem,1392386.952,12 days 20:58:08,308.9688888888889,4506.560375730027
2021-02,jtorresb,1815293.4239100001,16 days 17:17:16,401.28777777777776,4523.669855988637
2021-02,jtoscano,1713743.652141,14 days 13:18:27,349.3075,4906.117538675809
2021-02,mcarrill,6389.768,0 days 01:32:32,1.5422222222222222,4143.221325648416
2021-03,acorpus,29412.958,0 days 06:27:00,6.45,4560.148527131782
2021-03,eperezv,1203630.40586,13 days 22:08:44,334.1455555555556,3602.1140663051033
2021-03,grangel,1906859.06921,17 days 20:12:15,428.20416666666665,4453.153933680391
2021-03,iperalta,12201.954388,0 days 03:27:40,3.4611111111111112,3525.4442854574636
2021-03,jmatahe,1761544.451298,16 days 12:52:26,396.87388888888887,4438.549626506601
2021-03,jmlarar,612295.30132,6 days 03:30:15,147.50416666666666,4151.037324278975
2021-03,jtorrem,1790024.995018,17 days 16:06:10,424.10277777777776,4220.733956041055
2021-03,jtorresb,2140330.899107,21 days 09:29:41,513.4947222222222,4168.1653315625335
2021-03,jtoscano,1759496.20501,15 days 18:06:02,378.10055555555556,4653.513937382912
2021-03,mcarrill,3228.7200000000003,0 days 00:29:26,0.4905555555555556,6581.762174405436
2021-03,tflores,6710.526,0 days 01:31:35,1.5263888888888888,4396.340964513194
2021-04,acorpus,7692.395,0 days 01:44:02,1.7338888888888888,4436.498237744313
2021-04,elopezt,27556.43,0 days 05:59:18,5.988333333333333,4601.686056220428
2021-04,eperezv,1706684.720029,18 days 03:20:32,435.34222222222223,3920.328957106797
2021-04,grangel,1472607.95974,15 days 21:03:58,381.0661111111111,3864.4421973031804
2021-04,iperalta,7330.206,0 days 01:33:17,1.5547222222222221,4714.801072002859
2021-04,jdelira,1267002.788266,11 days 05:52:04,269.8677777777778,4694.902069076626
2021-04,jmatahe,1700270.010763,15 days 10:45:41,370.7613888888889,4585.887478354826
2021-04,jmlarar,1282528.462,12 days 16:24:32,304.4088888888889,4213.176779039888
2021-04,jtorrem,996596.344544,9 days 21:23:32,237.39222222222222,4198.100237720041
2021-04,jtorresb,1042676.335,9 days 04:09:43,220.16194444444446,4735.951699695805
2021-04,jtoscano,786651.700245,7 days 11:26:43,179.4452777777778,4383.797166393963
2021-04,mcarrill,2883.0480000000002,0 days 00:44:08,0.7355555555555555,3919.5516616314203
2021-04,tflores,6438.852000000001,0 days 01:36:33,1.6091666666666666,4001.3580528223724
2021-05,FLOPEZR,6181.042,0 days 01:23:30,1.3916666666666666,4441.467305389222
2021-05,JRODRIMA,5776.2339999999995,0 days 01:15:46,1.2627777777777778,4574.2284205895285
2021-05,acorpus,14185.71142,0 days 03:18:04,3.301111111111111,4297.253543588017
2021-05,alopezb,1423170.598493,14 days 04:15:23,340.25638888888886,4182.641810607524
2021-05,elopezt,10445.386,0 days 01:30:36,1.51,6917.474172185431
2021-05,eperezv,1630370.225038,15 days 06:30:38,366.5105555555556,4448.358172295174
2021-05,grangel,283399.215989,3 days 05:43:30,77.725,3646.178398057253
2021-05,iperalta,1525.14,0 days 00:20:52,0.3477777777777778,4385.386581469648
2021-05,jdelira,46040.945029999995,0 days 10:00:03,10.000833333333333,4603.710860428298
2021-05,jmatahe,881536.009224,8 days 09:11:30,201.19166666666666,4381.573172633061
2021-05,jmlarar,1373100.442674,13 days 07:48:44,319.8122222222222,4293.45830854425
2021-05,jtorrem,915983.679,8 days 17:31:58,209.53277777777777,4371.553170413539
2021-05,jtorresb,1896809.78631,17 days 16:11:09,424.18583333333333,4471.648125078827
2021-05,jtoscano,1882741.3762080001,17 days 05:57:27,413.9575,4548.15138319272
2021-05,tflores,10791.209,0 days 02:16:19,2.2719444444444443,4749.767991196968
2021-06,FLOPEZR,2805.842,0 days 10:15:12,10.253333333333334,273.6516905071521
2021-06,JRODRIMA,12143.354000000001,0 days 03:01:27,3.0241666666666664,4015.4380821162863
2021-06,acorpus,23042.853123,0 days 05:32:02,5.533888888888889,4163.952978757153
2021-06,alopezb,199348.02968,2 days 02:26:13,50.43694444444444,3952.4208271494113
2021-06,elopezt,2351.268,0 days 00:23:16,0.3877777777777778,6063.441833810888
2021-06,eperezv,1396198.394537,14 days 15:38:09,351.6358333333333,3970.580532995547
2021-06,grangel,1214932.56688,11 days 18:08:38,282.1438888888889,4306.074363915969
2021-06,jmatahe,333962.67895,3 days 12:22:52,84.38111111111111,3957.7895402472905
2021-06,jmlarar,1116283.023673,11 days 16:55:29,280.9247222222222,3973.601948745463
2021-06,jtorrem,1147856.21033,11 days 19:29:32,283.4922222222222,4048.9866047549804
2021-06,jtorresb,1232995.175,11 days 23:07:44,287.12888888888887,4294.2219425267795
2021-06,jtoscano,897013.217499,8 days 13:13:06,205.21833333333333,4371.018918870146
2021-06,macostac,4630.5,0 days 01:04:08,1.068888888888889,4332.068607068607
2021-06,rholten,3904.446,0 days 01:32:08,1.5355555555555556,2542.6927641099855
2021-06,tflores,1766.232,0 days 00:42:06,0.7016666666666667,2517.1952494061757
2021-07,FLOPEZR,8108.906,0 days 01:55:05,1.9180555555555556,4227.670036205648
2021-07,JRODRIMA,8271.637999999999,0 days 01:29:23,1.4897222222222222,5552.470035427932
2021-07,acorpus,49184.8422,0 days 10:36:09,10.6025,4638.9853525112
2021-07,alopezb,1565903.623608,14 days 22:22:02,358.3672222222222,4369.5503564692335
2021-07,elopezt,2942.6400000000003,0 days 01:18:52,1.3144444444444445,2238.6948436179205
2021-07,eperezv,111788.642,1 days 03:51:46,27.86277777777778,4012.1140430283335
2021-07,grangel,1598793.171015,14 days 08:27:38,344.4605555555556,4641.440493633362
2021-07,iperalta,16739.552,0 days 03:33:52,3.5644444444444443,4696.258354114713
2021-07,jdelira,22969.164,0 days 05:14:30,5.241666666666666,4382.034467408585
2021-07,jmatahe,1598130.74575,14 days 20:57:51,356.96416666666664,4477.0060834771
2021-07,jmlarar,1483934.622176,13 days 13:46:12,325.77,4555.160457304233
2021-07,jtorrem,1791832.269766,15 days 22:10:29,382.1747222222222,4688.515921061121
2021-07,jtorresb,1289182.554124,12 days 17:39:30,305.65833333333336,4217.7242153515635
2021-07,jtoscano,1469478.059607,13 days 15:24:09,327.4025,4488.292116300273
2021-07,mcarrill,6530.429,0 days 01:12:34,1.2094444444444445,5399.527882406982
2021-07,tflores,1194.6260000000002,0 days 00:12:46,0.2127777777777778,5614.430287206267
2021-08,FLOPEZR,1789.084,0 days 00:36:44,0.6122222222222222,2922.278765880218
2021-08,JRODRIMA,2165.232,0 days 00:27:48,0.4633333333333333,4673.162589928058
2021-08,acorpus,67113.699123,0 days 14:24:51,14.414166666666667,4656.092903254899
2021-08,elopezt,8399.362000000001,0 days 01:24:51,1.4141666666666666,5939.442781378905
2021-08,eperezv,854156.149817,8 days 15:15:02,207.25055555555556,4121.369650987666
2021-08,grangel,1300822.33502,13 days 03:52:17,315.8713888888889,4118.202473468017
2021-08,iperalta,14038.007,0 days 03:19:29,3.3247222222222224,4222.309733478151
2021-08,jdelira,78163.995,0 days 14:53:15,14.8875,5250.310327455919
2021-08,jmatahe,1278034.571392,12 days 01:36:10,289.60277777777776,4413.060472688836
2021-08,jmlarar,1251270.792953,12 days 01:09:40,289.1611111111111,4327.244379940825
2021-08,jtorrem,1279972.56868,13 days 18:14:17,330.23805555555555,3875.908748695596
2021-08,jtorresb,1312162.02504,13 days 03:59:44,315.99555555555554,4152.4698748786905
2021-08,jtoscano,1555370.280723,13 days 19:16:31,331.2752777777778,4695.099166942229
2021-08,mcarrill,10701.177,0 days 02:31:51,2.5308333333333333,4228.321501481725
2021-08,tflores,3218.865,0 days 00:46:45,0.7791666666666667,4131.163636363636
2021-09,FLOPEZR,32810.73192,0 days 05:40:54,5.681666666666667,5774.842813728365
2021-09,JRODRIMA,38242.157,0 days 09:17:26,9.290555555555555,4116.240064581714
2021-09,acorpus,36135.710499,0 days 09:23:51,9.3975,3845.2471932960893
2021-09,alopezb,613636.83294,5 days 14:14:11,134.23638888888888,4571.315110747831
2021-09,elopezt,6878.51,0 days 01:47:32,1.7922222222222222,3837.9783013019223
2021-09,eperezv,905063.975574,9 days 22:52:11,238.8697222222222,3788.9438944129242
2021-09,gilrodrigueza,9179.099999999999,0 days 02:05:36,2.0933333333333333,4384.920382165605
2021-09,grangel,1112526.860078,11 days 14:49:02,278.8172222222222,3990.1654969910596
2021-09,jdelira,55226.168329,0 days 15:44:33,15.7425,3508.0939068762905
2021-09,jmatahe,1731535.79207,16 days 23:17:14,407.2872222222222,4251.38746711098
2021-09,jmlarar,1389654.714387,14 days 13:57:12,349.9533333333333,3970.9715039729113
2021-09,jtorrem,1231883.46092,13 days 02:36:37,314.61027777777775,3915.585560717537
2021-09,jtorresb,995446.3706,8 days 15:51:26,207.85722222222222,4789.087239584865
2021-09,jtoscano,1714408.483416,15 days 07:20:55,367.3486111111111,4666.979625240632
2021-09,rbarron,2458.3359389999996,0 days 03:05:18,3.0883333333333334,796.0073196977872
2021-09,tflores,12455.222,0 days 02:55:24,2.9233333333333333,4260.6232611174455
2021-10,JRODRIMA,17274.366,0 days 04:00:37,4.010277777777778,4307.523557525802
2021-10,acorpus,31472.756064,0 days 07:11:13,7.186944444444444,4379.156720534921
2021-10,alopezb,12284.595,0 days 02:59:01,2.983611111111111,4117.3579741178655
2021-10,eperezv,1287198.61705,11 days 20:42:12,284.7033333333333,4521.192646321902
2021-10,gilrodrigueza,3067.718916,0 days 00:44:12,0.7366666666666667,4164.32432036199
2021-10,grangel,1301239.825744,12 days 05:36:32,293.6088888888889,4431.881577796616
2021-10,iperalta,5036.148,0 days 01:29:34,1.4927777777777778,3373.67562337179
2021-10,jmatahe,1123871.224617,10 days 16:54:48,256.91333333333336,4374.514977620209
2021-10,jmlarar,1220008.581118,11 days 15:46:32,279.77555555555557,4360.6689608583065
2021-10,jtorrem,1312957.64876,13 days 02:00:29,314.00805555555553,4181.286516478258
2021-10,jtorresb,1404192.527085,11 days 23:58:28,287.97444444444443,4876.101175553772
2021-10,jtoscano,933412.8565989999,9 days 10:23:12,226.38666666666666,4123.09112697597
2021-11,JRODRIMA,9246.382,0 days 01:17:49,1.2969444444444445,7129.35857785393
2021-11,acorpus,39290.544,0 days 10:28:48,10.48,3749.0977099236643
2021-11,eperezv,339548.933,3 days 09:41:07,81.68527777777778,4156.794739974223
2021-11,gilrodrigueza,120105.279,0 days 22:34:53,22.58138888888889,5318.772888194555
2021-11,grangel,467802.176663,5 days 05:46:03,125.7675,3719.57919703421
2021-11,gsotor,2665.8720000000003,0 days 00:40:48,0.68,3920.4
2021-11,jdelira,1560.8880000000001,0 days 00:20:24,0.34,4590.84705882353
2021-11,jgalvana,176341.494,1 days 18:04:58,42.08277777777778,4190.348244861319
2021-11,jmatahe,1138921.531,11 days 14:54:12,278.9033333333333,4083.570882384578
2021-11,jmlarar,491635.512708,5 days 03:31:44,123.52888888888889,3979.923377682234
2021-11,jtorrem,550083.7930000001,5 days 16:42:56,136.71555555555557,4023.564039693118
2021-11,jtorresb,987072.8049999999,9 days 22:05:54,238.09833333333333,4145.651887525462
2021-11,jtoscano,1285675.941814,12 days 18:30:21,306.5058333333333,4194.621445967043
2021-11,llopez,5331.8,0 days 00:54:44,0.9122222222222223,5844.847746650426
2021-11,mcarrill,2274.516,0 days 00:33:04,0.5511111111111111,4127.145967741935
2021-11,rholten,999.7020000000001,0 days 00:11:57,0.19916666666666666,5019.424267782428
2021-12,JRODRIMA,11595.967999999999,0 days 04:50:56,4.848888888888889,2391.469110907424
2021-12,acorpus,15031.665212,0 days 03:56:20,3.938888888888889,3816.2196588998586
2021-12,alopezb,44433.45784,0 days 09:15:07,9.251944444444444,4802.607506650254
2021-12,eperezv,232500.174,2 days 20:09:18,68.155,3411.3443474433275
2021-12,gilrodrigueza,98411.391,0 days 21:50:45,21.845833333333335,4504.812862864772
2021-12,grangel,107713.004993,1 days 01:13:15,25.220833333333335,4270.794845253593
2021-12,iperalta,5055.848,0 days 00:55:54,0.9316666666666666,5426.670483005367
2021-12,jgalvana,274074.453,2 days 17:44:57,65.74916666666667,4168.485577763976
2021-12,jmatahe,1339335.29,12 days 22:39:42,310.6616666666667,4311.234483387608
2021-12,jmlarar,598293.127036,6 days 06:41:29,150.6913888888889,3970.32060987338
2021-12,jtorrem,232699.9708,2 days 13:48:03,61.80083333333334,3765.320922857027
2021-12,jtorresb,1078380.40403,10 days 22:48:15,262.8041666666667,4103.36113657508
2021-12,jtoscano,1549496.24254,15 days 14:18:51,374.31416666666667,4139.560776816266
2021-12,rholten,20323.9,0 days 04:49:55,4.831944444444445,4206.1534923828685
2021-12,tflores,11433.592,0 days 02:18:19,2.305277777777778,4959.745897096035
2022-01,JRODRIMA,16034.265,0 days 03:25:45,3.4291666666666667,4675.8488456865125
2022-01,alopezb,184329.75546000001,2 days 04:41:43,52.695277777777775,3498.0317636305176
2022-01,elopezt,11365.491,0 days 03:18:59,3.316388888888889,3427.068230170031
2022-01,eperezv,785580.41828,8 days 03:30:18,195.505,4018.211392445206
2022-01,gilrodrigueza,197988.561,1 days 12:05:38,36.09388888888889,5485.37625329003
2022-01,grangel,918281.331947,8 days 05:41:43,197.6952777777778,4644.933061978381
2022-01,jgalvana,453107.66122,4 days 07:38:33,103.6425,4371.832609402513
2022-01,jmatahe,882717.766946,7 days 17:52:04,185.86777777777777,4749.170499048906
2022-01,jmlarar,124118.06608,1 days 23:20:15,47.3375,2621.981855400053
2022-01,jtorrem,141238.77264,1 days 09:18:47,33.31305555555556,4239.742355799778
2022-01,jtorresb,238990.95945,2 days 23:00:06,71.00166666666667,3365.990837539025
2022-01,jtoscano,1045643.116736,9 days 19:19:17,235.3213888888889,4443.468235816502
2022-01,mcarrill,3736.1880000000006,0 days 00:51:00,0.85,4395.5152941176475
2022-01,rholten,167528.091737,1 days 18:22:50,42.38055555555555,3952.9470423621947
2022-01,tflores,4271.865000000001,0 days 00:48:03,0.8008333333333333,5334.274713839752
2022-02,JRODRIMA,10725.477,0 days 02:37:07,2.618611111111111,4095.8647714012945
2022-02,ajrodriguezg,1836.9460000000001,0 days 00:28:28,0.47444444444444445,3871.783138173302
2022-02,alopezb,4484.352,0 days 00:47:26,0.7905555555555556,5672.405903021785
2022-02,elopezt,7121.874000000001,0 days 01:41:12,1.6866666666666668,4222.454940711463
2022-02,eperezv,1079745.497375,10 days 08:17:49,248.29694444444445,4348.605657596359
2022-02,gilrodrigueza,287191.075318,3 days 03:44:39,75.74416666666667,3791.5933062127992
2022-02,grangel,1463539.635638,13 days 09:52:56,321.8822222222222,4546.817234993476
2022-02,iperalta,16853.664,0 days 04:30:02,4.500555555555556,3744.7963461301074
2022-02,jgalvana,629758.523,5 days 10:07:54,130.13166666666666,4839.394892352618
2022-02,jmatahe,826913.672145,7 days 22:51:26,190.85722222222222,4332.6297140707275
2022-02,jmlarar,739062.963374,7 days 04:50:20,172.8388888888889,4276.022416743916
2022-02,jtorrem,1132820.5765200001,11 days 03:11:59,267.19972222222225,4239.602373455561
2022-02,jtorresb,317199.679,3 days 04:20:05,76.33472222222223,4155.378702716472
2022-02,jtoscano,1094311.268552,10 days 08:58:43,248.97861111111112,4395.201915812938
2022-02,rholten,356783.506,3 days 16:30:46,88.51277777777777,4030.8700614475
2022-03,JRODRIMA,1790.212,0 days 00:25:38,0.4272222222222222,4190.353185955787
2022-03,alopezb,33741.913,0 days 09:29:31,9.491944444444444,3554.794615317082
2022-03,eperezv,502245.519916,4 days 21:21:32,117.35888888888888,4279.569486990523
2022-03,gilrodrigueza,372163.95024,3 days 11:45:59,83.76638888888888,4442.879240427246
2022-03,grangel,771661.8417,7 days 10:43:14,178.72055555555556,4317.70055381306
2022-03,iperalta,9392.01,0 days 02:31:43,2.528611111111111,3714.2959463913
2022-03,jgalvana,232333.96600000001,2 days 13:44:48,61.74666666666667,3762.6964910386528
2022-03,jmatahe,949073.115128,10 days 12:29:17,252.48805555555555,3758.8832194050988
2022-03,jmlarar,487182.35156000004,5 days 02:48:22,122.80611111111111,3967.0855721439852
2022-03,jtorrem,636063.356076,6 days 04:49:41,148.82805555555555,4273.813520586957
2022-03,jtorresb,853989.601,10 days 05:29:26,245.49055555555555,3478.7065395138534
2022-03,jtoscano,1013391.379366,10 days 20:49:19,260.82194444444445,3885.376215274149
2022-03,mcarrill,1939.1399999999999,0 days 00:28:02,0.4672222222222222,4150.359096313912
2022-03,rholten,199464.71,2 days 00:21:07,48.35194444444444,4125.267603853688
2022-04,FLOPEZR,4286.026,0 days 01:05:22,1.0894444444444444,3934.139112697603
2022-04,JRODRIMA,8723.919,0 days 02:08:10,2.136111111111111,4084.0192977893366
2022-04,alopezb,697136.935136,6 days 04:29:03,148.48416666666665,4695.02540766524
2022-04,elopezt,3374.5440000000003,0 days 00:40:56,0.6822222222222222,4946.400000000001
2022-04,eperezv,435202.31372000003,4 days 23:46:37,119.77694444444444,3633.439772057784
2022-04,gilrodrigueza,657717.903646,6 days 05:02:01,149.0336111111111,4413.218593728111
2022-04,grangel,820660.678744,8 days 11:12:28,203.20777777777778,4038.5298619890973
2022-04,gsotor,144067.824,1 days 11:47:44,35.79555555555555,4024.7405512788678
2022-04,iperalta,1645.136,0 days 00:22:02,0.3672222222222222,4479.9467473524965
2022-04,jdelira,157566.825,1 days 19:09:01,43.15027777777778,3651.5830978299355
2022-04,jgalvana,21381.46,0 days 05:48:41,5.811388888888889,3679.2340710291096
2022-04,jmatahe,931120.351876,9 days 11:57:47,227.96305555555554,4084.523036449132
2022-04,jmlarar,529789.90508,5 days 05:02:05,125.03472222222223,4237.142256679811
2022-04,jtorrem,754041.427,7 days 16:33:12,184.55333333333334,4085.764333706607
2022-04,jtorresb,455691.233,3 days 23:47:06,95.785,4757.438356736441
2022-04,jtoscano,342058.899592,3 days 12:09:52,84.16444444444444,4064.173438675609
2022-04,mcarrill,29070.126,0 days 07:27:31,7.458611111111111,3897.52536590816
2022-04,rholten,388540.4965,3 days 11:28:34,83.47611111111111,4654.511228761389
2022-04,tflores,2300.4719999999998,0 days 00:33:10,0.5527777777777778,4161.657889447236
2022-05,FLOPEZR,7545.83,0 days 01:42:06,1.7016666666666667,4434.37610186092
2022-05,JRODRIMA,38158.775,0 days 10:05:17,10.088055555555556,3782.5698708593773
2022-05,alopezb,181068.80176,1 days 09:40:17,33.67138888888889,5377.526966811585
2022-05,elopezt,1401.48,0 days 00:23:54,0.3983333333333333,3518.3598326359834
2022-05,eperezv,840888.005141,8 days 10:50:58,202.84944444444446,4145.379877396208
2022-05,gilrodrigueza,175352.576,1 days 08:37:06,32.61833333333333,5375.890123141383
2022-05,grangel,993807.951526,8 days 09:42:51,201.71416666666667,4926.812865693618
2022-05,gsotor,13279.868,0 days 02:57:29,2.9580555555555557,4489.391003850127
2022-05,iperalta,630.552,0 days 00:06:54,0.115,5483.060869565217
2022-05,jdelira,556178.323,5 days 00:48:04,120.80111111111111,4604.082842321171
2022-05,jgalvana,375928.053,3 days 05:21:05,77.35138888888889,4860.003917188875
2022-05,jmatahe,784152.241,7 days 09:35:20,177.5888888888889,4415.547875242445
2022-05,jmlarar,241227.883,2 days 18:26:36,66.44333333333333,3630.580690312547
2022-05,jtorrem,933436.04306,8 days 03:48:22,195.8061111111111,4767.144588915907
2022-05,jtorresb,1201609.646,10 days 19:17:32,259.2922222222222,4634.1908588765145
2022-05,jtoscano,1765827.845753353,15 days 20:52:58,380.8827777777778,4636.145157457362
2022-05,mcarrill,20192.336000000003,0 days 03:42:24,3.7066666666666666,5447.572661870505
2022-05,rholten,157986.226,1 days 03:18:27,27.3075,5785.451835576307
2022-05,tflores,1070.3880000000001,0 days 00:19:50,0.33055555555555555,3238.148571428572
2022-06,JRODRIMA,49621.380000000005,0 days 10:08:01,10.133611111111112,4896.712480469286
2022-06,alopezb,524248.50294000003,4 days 10:51:09,106.8525,4906.282051800379
2022-06,elopezt,4547.088,0 days 00:53:48,0.8966666666666666,5071.1018587360595
2022-06,eperezv,1617001.66096,13 days 22:02:10,334.0361111111111,4840.798965061995
2022-06,gilrodrigueza,615589.0228819496,5 days 13:07:25,133.1236111111111,4624.191138926893
2022-06,grangel,1168569.983734,10 days 10:26:31,250.44194444444443,4666.031428266698
2022-06,gsotor,8993.694108091795,0 days 01:40:26,1.673888888888889,5372.933751930046
2022-06,gurodriguezr,70566.91977403304,0 days 11:56:48,11.946666666666667,5906.8292221567835
2022-06,iperalta,6787.464,0 days 01:22:52,1.3811111111111112,4914.495253419147
2022-06,jdelira,58825.786247238306,0 days 13:41:40,13.694444444444445,4295.594938946408
2022-06,jgalvana,300107.8283516782,2 days 17:15:56,65.26555555555555,4598.257469764729
2022-06,jmatahe,3229163.486739099,27 days 08:00:00,656.0,4922.505315151066
2022-06,jmlarar,1159602.1626490103,9 days 19:51:28,235.85777777777778,4916.531367227469
2022-06,jtorrem,1502645.96122,13 days 13:53:00,325.8833333333333,4610.993590405565
2022-06,jtorresb,1705404.7029379108,16 days 07:44:41,391.7447222222222,4353.357189507963
2022-06,jtoscano,2750963.2517540436,26 days 11:41:08,635.6855555555555,4327.553501431769
2022-06,mcarrill,39561.11971188559,0 days 09:29:50,9.497222222222222,4165.546386744315
2022-07,FLOPEZR,8333.042000000001,0 days 05:35:51,5.5975,1488.707815989281
2022-07,JRODRIMA,49154.75,0 days 11:17:24,11.29,4353.830823737821
2022-07,alopezb,392851.4044,3 days 10:32:31,82.54194444444444,4759.4154347116455
2022-07,elopezt,10827.732,0 days 03:08:32,3.1422222222222222,3445.8835926449788
2022-07,eperezv,1246441.626356,10 days 11:34:08,251.5688888888889,4954.673178631875
2022-07,gilrodrigueza,82115.09700000001,0 days 13:19:17,13.321388888888889,6164.154329920555
2022-07,grangel,1647979.077592,15 days 03:40:41,363.67805555555555,4531.422923152574
2022-07,gsotor,24329.675,0 days 05:01:25,5.023611111111111,4843.064970970418
2022-07,iperalta,908.238,0 days 00:24:44,0.4122222222222222,2203.272776280324
2022-07,jgalvana,25924.268,0 days 06:38:18,6.638333333333334,3905.2374592016067
2022-07,jmatahe,1039558.982,10 days 12:38:58,252.64944444444444,4114.629993689104
2022-07,jmlarar,1267085.6930500001,10 days 09:41:53,249.69805555555556,5074.471606239981
2022-07,jtorrem,1877596.09532,16 days 07:21:09,391.3525,4797.710747523013
2022-07,jtorresb,1114637.218,11 days 02:35:16,266.5877777777778,4181.126484084875
2022-07,jtoscano,1163894.786584,12 days 05:29:58,293.49944444444446,3965.577477623846
2022-07,rholten,57442.57576,0 days 10:30:58,10.516111111111112,5462.340132495113
2022-08,eperezv,1989205.3080240001,15 days 16:11:36,376.1933333333333,5287.720785475553
2022-08,gilrodrigueza,46044.522,0 days 11:19:24,11.323333333333334,4066.3398881365906
2022-08,grangel,2233588.7787450003,17 days 04:33:48,412.56333333333333,5413.929446173921
2022-08,iperalta,4752.41904,0 days 00:42:56,0.7155555555555555,6641.579403726708
2022-08,jgalvana,48321.633,0 days 10:58:26,10.973888888888888,4403.328071685314
2022-08,jmatahe,1548938.032168,15 days 05:27:51,365.46416666666664,4238.276070389026
2022-08,jmlarar,42297.39016,0 days 07:30:11,7.503055555555555,5637.355321017364
2022-08,jtorrem,2088901.48764,17 days 01:10:49,409.1802777777778,5105.088395229214
2022-08,jtorresb,1323422.805744,14 days 00:43:01,336.71694444444444,3930.3718674673173
2022-08,jtoscano,1685002.811,17 days 06:05:49,414.09694444444443,4069.10225638253
2022-08,mcarrill,12078.553,0 days 03:10:15,3.1708333333333334,3809.267700394218
2022-08,rholten,11336.938,0 days 02:10:40,2.1777777777777776,5205.736836734694
2022-08,tflores,8351.306999999999,0 days 01:30:24,1.5066666666666666,5542.9028761061945
2022-09,alopezb,103293.700093,1 days 01:47:02,25.78388888888889,4006.1334633470515
2022-09,elopezt,3237.1440000000002,0 days 00:34:51,0.5808333333333333,5573.275179340029
2022-09,eperezv,1525548.9627,15 days 02:38:58,362.64944444444444,4206.676684799677
2022-09,gilrodrigueza,60963.266,1 days 03:20:31,27.341944444444444,2229.6609564060104
2022-09,grangel,1578496.239606,14 days 06:25:52,342.43111111111114,4609.6753139168295
2022-09,gsotor,6524.778,0 days 01:20:38,1.343888888888889,4855.146920214965
2022-09,iperalta,3978.2400000000007,0 days 00:49:27,0.8241666666666667,4826.984833164814
2022-09,jgalvana,146759.743,1 days 03:15:33,27.259166666666665,5383.867555256641
2022-09,jmatahe,1107633.1086,12 days 05:55:37,293.9269444444444,3768.3959553063546
2022-09,jmlarar,6074.364,0 days 00:57:46,0.9627777777777777,6309.206693594922
2022-09,jtorrem,1621751.984512,14 days 02:41:00,338.68333333333334,4788.40209983367
2022-09,jtorresb,1295804.0760000001,13 days 03:43:36,315.7266666666667,4104.195852952977
2022-09,jtoscano,1047172.478,11 days 10:46:33,274.7758333333333,3811.0064676963952
2022-09,mcarrill,3947.336,0 days 01:11:06,1.185,3331.0852320675103
2022-09,rholten,18463.667999999998,0 days 04:38:04,4.634444444444444,3984.008918724526
2022-10,alopezb,827188.415,7 days 07:10:10,175.16944444444445,4722.218635923947
2022-10,elopezt,13724.298,0 days 02:52:13,2.870277777777778,4781.522578147682
2022-10,eperezv,613731.780019,5 days 11:18:37,131.31027777777777,4673.905123082945
2022-10,gilrodrigueza,30188.350000000002,0 days 07:33:19,7.5552777777777775,3995.663811169529
2022-10,grangel,2062307.930707,19 days 16:39:11,472.65305555555557,4363.259491220187
2022-10,gsotor,35431.158,0 days 09:38:02,9.633888888888889,3677.7627818464916
2022-10,iperalta,16784.956,0 days 03:21:00,3.35,5010.434626865671
2022-10,jgalvana,156351.05164000002,1 days 11:21:12,35.35333333333333,4422.526446539695
2022-10,jmatahe,1249707.192,12 days 05:48:17,293.8047222222222,4253.529972383396
2022-10,jmlarar,937476.753,9 days 01:41:06,217.685,4306.574881135586
2022-10,jtorrem,1123621.581602,10 days 23:40:37,263.6769444444444,4261.356956974075
2022-10,jtorresb,876141.739756,10 days 02:35:40,242.59444444444443,3611.5490680852818
2022-10,jtoscano,1385799.4003,13 days 17:56:16,329.9377777777778,4200.184076021068
2022-10,mcarrill,8513.044000000002,0 days 01:56:20,1.9388888888888889,4390.681719197709
2022-10,rholten,47933.028,0 days 10:00:26,10.007222222222222,4789.843468606007
2022-11,alopezb,13271.996,0 days 02:07:00,2.1166666666666667,6270.234330708661
2022-11,eperezv,1029325.4234130001,8 days 07:38:18,199.63833333333332,5155.950794752178
2022-11,gilrodrigueza,739.1659999999999,0 days 00:10:20,0.17222222222222222,4291.931612903226
2022-11,grangel,1454486.422185,13 days 14:36:06,326.6016666666667,4453.3955905052535
2022-11,gsotor,6581.715,0 days 01:39:51,1.6641666666666666,3954.961442163245
2022-11,iperalta,8465.093301,0 days 02:32:54,2.5483333333333333,3321.8155530412037
2022-11,jgalvana,55339.017,0 days 13:08:15,13.1375,4212.294348239772
2022-11,jmatahe,531362.564,6 days 06:10:33,150.17583333333334,3538.2694552496796
2022-11,jmlarar,835516.7267700001,6 days 23:57:26,167.9572222222222,4974.58052541818
2022-11,jtorrem,1846300.734,15 days 12:23:10,372.3861111111111,4958.027914873302
2022-11,jtorresb,454631.40616,5 days 23:28:10,143.46944444444443,3168.8378519932626
2022-11,jtoscano,575454.662856,7 days 05:16:29,173.2747222222222,3321.0537317612207
2022-11,mcarrill,5542.954,0 days 01:22:44,1.3788888888888888,4019.869943593876
2022-11,rholten,7588.432,0 days 01:46:17,1.771388888888889,4283.888223302493
2022-11,tflores,2641.342,0 days 00:41:08,0.6855555555555556,3852.848946515397
2022-12,eperezv,254836.646148,2 days 16:55:29,64.92472222222223,3925.1095334032143
2022-12,grangel,119725.625274,1 days 08:35:36,32.593333333333334,3673.316381898139
2022-12,jgalvana,109934.47795,0 days 17:42:33,17.70916666666667,6207.772506705566
2022-12,jmatahe,260175.30000000002,2 days 10:52:46,58.879444444444445,4418.779804308238
2022-12,jtorrem,71451.705,1 days 05:50:32,29.842222222222222,2394.3158276863505
2022-12,jtorresb,202898.40115000002,1 days 16:31:36,40.526666666666664,5006.540577808851
2022-12,jtoscano,359679.84652,2 days 21:55:53,69.93138888888889,5143.324796415534
2022-12,mcarrill,10464.2038,0 days 02:37:42,2.6283333333333334,3981.3077235256815
2023-03,ajrodriguezg,126836.886,1 days 06:10:12,30.17,4204.073118992376
2023-03,alopezb,4358.781000000001,0 days 01:12:39,1.2108333333333334,3599.8191328286307
2023-03,eperezv,1199543.221706,12 days 05:17:55,293.2986111111111,4089.8360110255476
2023-03,grangel,935756.785177,9 days 08:47:41,224.79472222222222,4162.716881991348
2023-03,iperalta,17914.200748,0 days 05:01:16,5.021111111111111,3567.7762056207125
2023-03,jcontmor,14420.608,0 days 03:46:17,3.7713888888888887,3823.6862929955073
2023-03,jmlarar,769485.164283,7 days 07:07:48,175.13,4393.794120270656
2023-03,jtorrem,105111.864,1 days 05:16:45,29.279166666666665,3589.9882396470757
2023-04,elopezt,3994.1040000000003,0 days 01:06:01,1.1002777777777777,3630.08694774047
2023-04,eperezv,713277.6884,6 days 10:54:28,154.90777777777777,4604.531151581228
2023-04,grangel,1185414.689509,11 days 12:25:30,276.425,4288.377279583973
2023-04,jcontmor,6805.3060000000005,0 days 01:39:51,1.6641666666666666,4089.317576364547
2023-04,jmlarar,788388.275,7 days 18:33:36,186.56,4225.923429459692
2023-04,jsalazhe,4458.03,0 days 00:53:24,0.89,5009.022471910112
2023-04,jtorrem,577102.6510000001,11 days 23:52:26,287.87388888888887,2004.7064818120593
2023-05,eperezv,1268462.47,10 days 15:57:09,255.9525,4955.851066115783
2023-05,grangel,1577225.38736,13 days 08:06:06,320.1016666666667,4927.26390269758
2023-05,iperalta,4197.336,0 days 01:03:32,1.058888888888889,3963.905981112277
2023-05,jcontmor,9619.51,0 days 01:47:16,1.7877777777777777,5380.707893101306
2023-05,jmlarar,734271.58556,6 days 00:55:24,144.92333333333335,5066.620872369299
2023-05,jsalazhe,10678.752,0 days 02:30:42,2.5116666666666667,4251.659721300597
2023-05,jtorrem,1395805.388,11 days 23:01:58,287.03277777777777,4862.878026706203
2023-06,eperezv,878055.478071,8 days 05:08:03,197.13416666666666,4454.100945148186
2023-06,grangel,939952.480379,8 days 09:40:55,201.68194444444444,4660.568316951746
2023-06,iperalta,19686.393,0 days 03:23:50,3.397222222222222,5794.849942763696
2023-06,jcontmor,1351.296,0 days 00:23:34,0.3927777777777778,3440.35756718529
2023-06,jmlarar,314552.64862,3 days 01:28:26,73.4738888888889,4281.148764232191
2023-06,jtorrem,875326.279,8 days 06:50:30,198.84166666666667,4402.127047483341
2023-07,eperezv,681586.196916,6 days 23:03:01,167.05027777777778,4080.126091275913
2023-07,grangel,218261.184568,2 days 06:49:57,54.8325,3980.507629015638
2023-07,jcontmor,1761.76,0 days 00:49:52,0.8311111111111111,2119.7647058823527
2023-07,jgalvana,18360.428,0 days 03:33:28,3.557777777777778,5160.644971892567
2023-07,jmlarar,1402521.262938,13 days 03:29:29,315.4913888888889,4445.513609349085
2023-07,jtorrem,1205562.41834,10 days 17:45:21,257.7558333333333,4677.148923263942
2023-08,elopezt,4142.061000000001,0 days 01:07:33,1.1258333333333332,3679.106735751296
2023-08,eperezv,542754.694077,6 days 08:43:45,152.72916666666666,3553.7069043371985
2023-08,grangel,1446252.012456,14 days 11:29:23,347.4897222222222,4161.999391542036
2023-08,iperalta,6208.504,0 days 01:56:08,1.9355555555555555,3207.6082663605052
2023-08,jcontmor,6663.588000000001,0 days 01:24:14,1.403888888888889,4746.520933913732
2023-08,jmlarar,1086932.383154,14 days 06:22:13,342.3702777777778,3174.727637600291
2023-08,jsalazhe,27169.456000000002,1 days 12:30:22,36.50611111111111,744.2440504633928
2023-08,jtorrem,596570.816694,5 days 18:20:20,138.3388888888889,4312.386932449299
